university,2023-06-20,ToDoListId[id=ad939dbe-1456-492a-bf9b-cf392d76b3c7],ProjectId[id=15f8faa0-084d-476e-8a2b-6e5aa277ea88]
university,,ToDoListId[id=51b15a70-1a68-44dc-abbd-410c28c80586],ProjectId[id=f492f7fe-55cb-4a43-8e40-ccb23eda4066]
university,2023-06-20,ToDoListId[id=c2b8541d-cf32-4bf2-8ea9-dd7619e9366d],ProjectId[id=817bd6f2-8927-47a9-9c7a-616c68b55fce]
university,,ToDoListId[id=e61bf53a-fad0-480b-98d8-c93d4c680b0f],ProjectId[id=cc50cb27-f985-46e0-9954-a64cb37a0252]
university,2023-06-20,ToDoListId[id=49b753b5-d63a-4cd0-a61d-9772220074ba],ProjectId[id=aa00dc6b-ef49-472f-8f49-d8a778005513]
university,,ToDoListId[id=c246ca81-d012-4b01-abb1-15da28bffb44],ProjectId[id=da56deb6-a580-4f0a-bc47-34446d074862]
university,2023-06-20,ToDoListId[id=83cf0d5f-7167-497a-bd76-3992b9c0a005],ProjectId[id=03762c5a-6ced-4f0a-8ecb-bb0546d7d8bf]
university,,ToDoListId[id=df178f9e-6e2e-40aa-8050-9e19b91829e5],ProjectId[id=8ab26929-e76f-4254-9bec-5693ff175668]
university,2023-06-20,ToDoListId[id=b0247eee-06d6-48f8-908b-5f3239caf00e],ProjectId[id=d64b5cd3-4007-450b-81e9-46d8ec4e0966]
university,,ToDoListId[id=6df863c8-cb6a-41ac-bece-adaddc46cae4],ProjectId[id=b19ca805-aa49-4c27-8a05-21dfd9a46e75]
university,2023-06-20,ToDoListId[id=080ee6c9-79dc-49b2-810d-c9278626fdb6],ProjectId[id=d32b1c27-f22f-493b-85be-1c7337e9871c]
university,,ToDoListId[id=a1a97245-83c8-4335-a0f7-0b57f25cbf46],ProjectId[id=45eb4910-48c9-4916-80bd-b01434a4b613]
university,2023-06-20,ToDoListId[id=ff56d053-ba78-4365-b543-9fa5b777297f],ProjectId[id=5f439a4f-04e5-4532-816f-d9340d3340bf]
university,,ToDoListId[id=c5c09fe5-f017-41b7-a62e-34a8f8a6bc9b],ProjectId[id=50a0ee99-cc78-4c81-bc28-320158cd5cad]
university,2023-06-20,ToDoListId[id=51e5a0e9-6bc9-43c6-99a7-38209e60e7ec],ProjectId[id=6ceaa67c-028d-40ac-9a28-acdf199c3307]
university,,ToDoListId[id=2e0b86d9-25ef-4a5d-8093-131ccf989911],ProjectId[id=06ab4561-3246-415d-8bce-60297d775b06]
university,2023-06-20,ToDoListId[id=c8c9ab89-823d-43d4-85c7-070a0c36104d],ProjectId[id=ace1dcc6-7c37-49a8-81be-8be2519bdaa6]
university,,ToDoListId[id=a82fc8a0-2933-4312-8d87-4223ceee9229],ProjectId[id=81c7de51-4d44-4769-9c63-a0104aaaa56d]
university,2023-06-20,ToDoListId[id=7ae6c58a-0e2c-4301-9425-ccf7511aa550],ProjectId[id=ee25067b-1fa3-4be9-82a6-b762c9863dd9]
university,,ToDoListId[id=5cb6479b-74ce-43db-9f52-627b46fbe0d9],ProjectId[id=9ba88c22-09a5-4b19-8c4b-59d3c995e1fc]
university,,ToDoListId[id=a4bad6f3-eb43-4a9a-a6a5-7fd2b434d588],ProjectId[id=34dcd442-f4fb-44c2-9198-161ebd7484fa]
university,,ToDoListId[id=24c19b48-7194-4009-8e32-8b8e6106433a],ProjectId[id=06a936f1-6342-41d3-82ba-e4a68d4bdc6f]
university,,ToDoListId[id=8abda646-eb7a-403c-ae01-5a5040f52f5a],ProjectId[id=27bb36c7-d1c3-4057-b843-dc183f2165ba]
university,,ToDoListId[id=b72f7683-42a2-4e1a-8389-5b61c1bca57a],ProjectId[id=3502648a-f79d-4535-b7cb-11b34a97d6ec]
university,,ToDoListId[id=124392e0-4e5b-4d51-8c83-a652c897e6b1],ProjectId[id=ce165bee-284f-43d4-85f5-2f4163ab49ef]
university,,ToDoListId[id=d4d9b529-42e3-4b06-bc8c-860d53a0bab8],ProjectId[id=2ab8530f-156f-4d50-857e-871723ef2e54]
university,,ToDoListId[id=ca6462c5-9a5a-4241-a70a-907d284584b6],ProjectId[id=58e0c982-3afc-4897-bcfb-4b47eb1b3c82]
university,,ToDoListId[id=38455cbc-f964-4260-947f-dc3774c4f4eb],ProjectId[id=47ab1dc6-36dc-442f-9cf3-0cb2024f7805]
university,,ToDoListId[id=6298f033-3b46-47a5-b964-721963e73c69],ProjectId[id=87b16bd2-d2d7-4f0c-b40d-aa7133ad4625]
university,,ToDoListId[id=b35dc44a-e5be-405a-b00b-e07b0a1d8061],ProjectId[id=67070b65-fb26-4e06-8fca-ec2d481b4809]
university,,ToDoListId[id=bb4a6240-776d-4b4d-ba6a-98d362454571],ProjectId[id=2c664e56-b405-40ef-b858-b5cd018374b2]
university,,ToDoListId[id=ac036570-e6e9-47aa-af34-133d1d08d1d7],ProjectId[id=29b611b9-d4f7-45d4-8799-3fbbebf4293c]
university,,ToDoListId[id=251bdc97-325d-43c4-94c4-4889d27c1ae9],ProjectId[id=51effce0-966a-471e-ad2b-72a6ca65143c]
university,,ToDoListId[id=d2e78b9c-f560-45aa-9f9f-b1f9dc6e0d19],ProjectId[id=26429beb-9c26-4b8c-94b9-a90fce37dbe7]
university,2023-06-20,ToDoListId[id=6b897677-5783-466a-bce9-0600c50dea6e],ProjectId[id=29ec8804-a4c7-46ec-ba0b-072f34b4c01c]
university,,ToDoListId[id=35f4a2ec-29b7-4413-86f3-c1bb6da02e39],ProjectId[id=aef3de42-842d-4a27-a308-2dada36864c2]
university,,ToDoListId[id=0f678fa1-f019-4bd3-bdbf-388d92003e25],ProjectId[id=6f735f2f-47a8-42f2-841d-a6f6ddb6edff]
university,,ToDoListId[id=fafbd4aa-d7a5-4493-9ab9-8f2ac0b24fc8],ProjectId[id=ee05fee7-cb0c-45d7-8fb0-b314b83396fd]
university,,ToDoListId[id=39d6642c-afb3-4344-a9d3-9d1f5d87c2fa],ProjectId[id=9c2aaf38-88ef-475f-bd1b-f3192b707d95]
university,,ToDoListId[id=8af7ab91-6512-40fd-acc7-fc5481725b4c],ProjectId[id=ac22a21e-0931-4cbb-8b9a-69a3fa6806ab]
university,2023-06-20,ToDoListId[id=d6d55b03-216d-485f-af74-3fa195a6d34c],ProjectId[id=1e592dca-7f67-465d-ab7a-fbfe31566c50]
university,,ToDoListId[id=6ed91ef4-88da-46a6-ae04-072ce18c55f9],ProjectId[id=5970aca6-0355-423f-9dcf-f914c41c2c7e]
university,2023-06-20,ToDoListId[id=c7baede5-965a-4690-a79f-c2ebbb1f24b0],ProjectId[id=5f038e6e-4532-470c-9441-9c7343412594]
university,,ToDoListId[id=7157c63a-75a7-4983-bdfa-74f8c0c7d0c6],ProjectId[id=06950a93-dcef-4aba-a20a-e9e93bbb54f1]
university,2023-06-20,ToDoListId[id=f336d26e-32c6-4099-8b70-cbc0fb10af43],ProjectId[id=f2d0904f-3349-4346-a9ef-56f04a999b4d]
university,,ToDoListId[id=519d9ac0-2f7a-4123-8220-f75177b8c10c],ProjectId[id=b6518795-b479-4206-b859-34c20f55ebe2]
university,,ToDoListId[id=519d9ac0-2f7a-4123-8220-f75177b8c10c],ProjectId[id=b6518795-b479-4206-b859-34c20f55ebe2]
university,2023-06-20,ToDoListId[id=9f7ec246-0bf7-4392-b9b4-a718dc5d15e6],ProjectId[id=b58e2571-ce64-4ceb-91ca-5413d03e8c0e]
university,,ToDoListId[id=097e2e31-6e94-4738-9c44-99aacd38c8a3],ProjectId[id=7b85dd82-1f9a-4657-b4cf-76f097d8d781]
university,,ToDoListId[id=097e2e31-6e94-4738-9c44-99aacd38c8a3],ProjectId[id=7b85dd82-1f9a-4657-b4cf-76f097d8d781]
university,2023-06-20,ToDoListId[id=88cc311d-4121-4fbd-94ca-505e32416696],ProjectId[id=db62c97f-8048-468a-9e0c-d40e944ffe1d]
university,,ToDoListId[id=66cfd399-f40f-4d01-b4bd-8ed4488b835d],ProjectId[id=e0031f9f-45ea-4f28-8ede-5b5e2e5a5f41]
university,,ToDoListId[id=66cfd399-f40f-4d01-b4bd-8ed4488b835d],ProjectId[id=e0031f9f-45ea-4f28-8ede-5b5e2e5a5f41]
university,2023-06-20,ToDoListId[id=41680074-d67f-4311-a8df-b6af2ae58c75],ProjectId[id=bb33fbdb-70e9-4428-8840-87b33850eb56]
university,,ToDoListId[id=716e45a1-fefb-4033-bb7c-0fe3530aab04],ProjectId[id=a39489e0-4f7a-414f-bfb4-6a6312082837]
university,,ToDoListId[id=716e45a1-fefb-4033-bb7c-0fe3530aab04],ProjectId[id=a39489e0-4f7a-414f-bfb4-6a6312082837]
university,2023-06-20,ToDoListId[id=0197ce70-9ecd-494d-ae10-a272444995e8],ProjectId[id=32df3775-6d5a-443c-91b7-42ef9ea13522]
university,,ToDoListId[id=0de0590c-a21a-42d1-84d1-5ff0ad711229],ProjectId[id=4385ec98-0f86-4e07-9218-54f3ac885dc5]
university,,ToDoListId[id=0de0590c-a21a-42d1-84d1-5ff0ad711229],ProjectId[id=4385ec98-0f86-4e07-9218-54f3ac885dc5]
university,2023-06-20,ToDoListId[id=f325b0db-c17c-429d-a290-3af23d74a6b3],ProjectId[id=61597abe-4045-4c82-ad71-eacb7ec784e4]
university,,ToDoListId[id=deb8d656-93fd-4d5d-9aac-5b8594b5b5fd],ProjectId[id=44071c2e-986a-43e9-ae30-fc54d0da9b77]
university,,ToDoListId[id=deb8d656-93fd-4d5d-9aac-5b8594b5b5fd],ProjectId[id=44071c2e-986a-43e9-ae30-fc54d0da9b77]
university,2023-06-20,ToDoListId[id=e77d4a68-405e-48f6-952e-e975e1c2ead8],ProjectId[id=6e1fb747-71e8-4d66-b6e0-49bd16de537f]
university,,ToDoListId[id=d96403a1-c53e-4143-9058-06bd3c06f386],ProjectId[id=509d64d1-55e0-44ef-90f5-4d1f0c1e55df]
university,,ToDoListId[id=d96403a1-c53e-4143-9058-06bd3c06f386],ProjectId[id=509d64d1-55e0-44ef-90f5-4d1f0c1e55df]
university,2023-06-20,ToDoListId[id=ae55b22d-e541-4644-bff8-4bb7a4f32610],ProjectId[id=a7065a82-939f-49ee-bdd3-d8da212e825e]
university,,ToDoListId[id=adb0eaae-66c8-4b87-8e89-49f9517095ee],ProjectId[id=43eb58ec-9528-40b0-a4e5-31939ff23bc6]
university,,ToDoListId[id=adb0eaae-66c8-4b87-8e89-49f9517095ee],ProjectId[id=43eb58ec-9528-40b0-a4e5-31939ff23bc6]
university,2023-06-20,ToDoListId[id=42a5cc6a-4152-44ce-a2c0-8bb7774ab38b],ProjectId[id=23e4888c-dd35-46b8-9b00-d68e802e455a]
university,,ToDoListId[id=9a4e6a35-9ff8-4aa4-9a7e-d3ee074bd0f8],ProjectId[id=00d2e687-e2a4-4edd-ad79-809a2c5d36bf]
university,,ToDoListId[id=9a4e6a35-9ff8-4aa4-9a7e-d3ee074bd0f8],ProjectId[id=00d2e687-e2a4-4edd-ad79-809a2c5d36bf]
university,2023-06-20,ToDoListId[id=a3413f2a-df11-499a-87bf-c4e4116d5092],ProjectId[id=a6dd0bdb-b6c8-41a3-a335-d213a7444a7e]
university,,ToDoListId[id=3cfb264c-4887-46aa-95be-3b6f43b561ec],ProjectId[id=ca1f8beb-2a89-4c12-8df2-b7151d824933]
university,,ToDoListId[id=3cfb264c-4887-46aa-95be-3b6f43b561ec],ProjectId[id=ca1f8beb-2a89-4c12-8df2-b7151d824933]
university,2023-06-20,ToDoListId[id=b7caf277-a7f3-4cf6-816d-4e55f0846ed9],ProjectId[id=07377305-da82-4f77-bef6-acddfd3bca95]
university,,ToDoListId[id=b653a49c-562f-4d24-9892-e6e78e7c34a1],ProjectId[id=ef86aa31-dfae-4ed9-8758-c94d4d05fee8]
university,,ToDoListId[id=b653a49c-562f-4d24-9892-e6e78e7c34a1],ProjectId[id=ef86aa31-dfae-4ed9-8758-c94d4d05fee8]
university,,ToDoListId[id=03ad1743-d5fb-45e0-9cd4-0818f6eb68be],ProjectId[id=e2496f5b-5f16-4c87-83d4-a49fe9ba3843]
university,,ToDoListId[id=03ad1743-d5fb-45e0-9cd4-0818f6eb68be],ProjectId[id=e2496f5b-5f16-4c87-83d4-a49fe9ba3843]
university,,ToDoListId[id=81fbaee5-01d3-422f-b01f-a7a3f1b26e0a],ProjectId[id=fec98731-7fc6-4b05-84db-64a93e9e2312]
university,,ToDoListId[id=81fbaee5-01d3-422f-b01f-a7a3f1b26e0a],ProjectId[id=fec98731-7fc6-4b05-84db-64a93e9e2312]
university,2023-06-20,ToDoListId[id=d4017b99-b0f8-4f49-a6d7-4842463d69c1],ProjectId[id=d413c3a2-2213-4ff9-af99-b3b9064b733c]
university,,ToDoListId[id=becac1dc-2cbe-4633-8946-7c41fb6ba663],ProjectId[id=b8240e70-a250-496d-aac5-45514ed16e34]
university,,ToDoListId[id=becac1dc-2cbe-4633-8946-7c41fb6ba663],ProjectId[id=b8240e70-a250-496d-aac5-45514ed16e34]
university,,ToDoListId[id=ee231719-2975-4d8e-9918-4a1df3f7a4f4],ProjectId[id=e37a6fa9-bc04-4939-ba14-44a596f319b4]
university,,ToDoListId[id=ee231719-2975-4d8e-9918-4a1df3f7a4f4],ProjectId[id=e37a6fa9-bc04-4939-ba14-44a596f319b4]
university,2023-06-20,ToDoListId[id=1b21fd79-837e-4a27-b8b2-50857c57019b],ProjectId[id=d72f9d64-af56-496f-b0bb-188ab40a1a45]
university,,ToDoListId[id=afa5b19d-de60-4003-9634-afaa727c0370],ProjectId[id=90d955a1-f04e-48b0-bff0-d9f2e56ac161]
university,,ToDoListId[id=afa5b19d-de60-4003-9634-afaa727c0370],ProjectId[id=90d955a1-f04e-48b0-bff0-d9f2e56ac161]
university,2023-06-20,ToDoListId[id=cfa21421-48cc-4c01-ab17-edf81bdc62d1],ProjectId[id=fc2172a6-f987-4159-b0bd-1fbceaa32489]
university,,ToDoListId[id=21599990-aa74-41cb-ab8f-a41fc4a2e77d],ProjectId[id=20e7b426-a56b-45c4-921a-27ef49565677]
university,,ToDoListId[id=21599990-aa74-41cb-ab8f-a41fc4a2e77d],ProjectId[id=20e7b426-a56b-45c4-921a-27ef49565677]
university,2023-06-20,ToDoListId[id=d5a495c8-0df5-4c0b-b250-14e55fe80c16],ProjectId[id=82bf2811-1645-49f0-bc17-79bfeaad7c1a]
university,,ToDoListId[id=2a7191c8-7622-42f9-ad9c-2ee6919723ab],ProjectId[id=3c331d7b-299d-40b9-bfed-65f74407f92e]
university,,ToDoListId[id=2a7191c8-7622-42f9-ad9c-2ee6919723ab],ProjectId[id=3c331d7b-299d-40b9-bfed-65f74407f92e]
university,2023-06-20,ToDoListId[id=70285588-14df-4c65-87e8-14379d8e87d2],ProjectId[id=3b80dd19-71ec-43ab-9b16-fe44b4707b21]
university,,ToDoListId[id=33620d2e-5236-46b0-a919-5893caf65d22],ProjectId[id=9dcfb3f3-652d-443d-a1da-278625935c55]
university,,ToDoListId[id=33620d2e-5236-46b0-a919-5893caf65d22],ProjectId[id=9dcfb3f3-652d-443d-a1da-278625935c55]
university,2023-06-20,ToDoListId[id=3744f5e7-e02d-4448-a840-624f5fc3df92],ProjectId[id=c8739225-75c4-4b9f-8ef3-8b15f1a1845b]
university,,ToDoListId[id=e7ceac4c-1291-44e2-90ff-e3b112fac34d],ProjectId[id=31d2b844-0c30-418f-b0e9-7acb2e160b92]
university,,ToDoListId[id=e7ceac4c-1291-44e2-90ff-e3b112fac34d],ProjectId[id=31d2b844-0c30-418f-b0e9-7acb2e160b92]
university,2023-06-20,ToDoListId[id=b5f0ba40-db98-443f-a3fd-ed1d9077bdcd],ProjectId[id=9d31265c-d5f0-4c1b-8c6f-96929903a3d3]
university,,ToDoListId[id=fe03517d-9229-460f-806b-80fef3410912],ProjectId[id=3a700b93-3a0c-4976-b39d-743e04394cdb]
university,,ToDoListId[id=fe03517d-9229-460f-806b-80fef3410912],ProjectId[id=3a700b93-3a0c-4976-b39d-743e04394cdb]
university,2023-06-20,ToDoListId[id=59bf8a29-214a-4514-818f-c38b33487b16],ProjectId[id=ba8c4970-5d57-4a1a-a7a7-4057e5d4f24c]
university,,ToDoListId[id=a706a572-cb96-4a60-af06-ef346299f486],ProjectId[id=9cfd580b-b1a8-48b4-b879-054557bb36d6]
university,,ToDoListId[id=a706a572-cb96-4a60-af06-ef346299f486],ProjectId[id=9cfd580b-b1a8-48b4-b879-054557bb36d6]
university,2023-06-20,ToDoListId[id=28f65610-93a8-4648-b652-64b6a09f8ad1],ProjectId[id=7dbe385d-9d52-4941-b942-4aeeeb5c70bd]
university,,ToDoListId[id=1fe87647-4c08-4b07-8b1b-8a2a5b301326],ProjectId[id=61937903-3d59-4be1-87ec-b34c90a0f081]
university,,ToDoListId[id=1fe87647-4c08-4b07-8b1b-8a2a5b301326],ProjectId[id=61937903-3d59-4be1-87ec-b34c90a0f081]
university,2023-06-20,ToDoListId[id=3822044d-98a6-44ba-a6df-f61c47db0c71],ProjectId[id=dc693789-fb03-4b04-8358-61155541bc8d]
university,,ToDoListId[id=b5237714-bed6-4fcc-8858-e16b00915970],ProjectId[id=f4121090-9d90-4130-85d4-b382bc534d5a]
university,,ToDoListId[id=b5237714-bed6-4fcc-8858-e16b00915970],ProjectId[id=f4121090-9d90-4130-85d4-b382bc534d5a]
university,2023-06-20,ToDoListId[id=f3528e04-27fa-4d14-a27e-a47bc5e3c82b],ProjectId[id=8e0abf71-df96-4203-8107-38b5a72cb3ee]
university,,ToDoListId[id=dfb33ebf-4325-4f1d-9c1c-76b45d2cf795],ProjectId[id=8f2a46c7-043a-49f6-9393-9ec3af4a41ab]
university,,ToDoListId[id=dfb33ebf-4325-4f1d-9c1c-76b45d2cf795],ProjectId[id=8f2a46c7-043a-49f6-9393-9ec3af4a41ab]
university,2023-06-20,ToDoListId[id=7d4f611c-b17b-4f0d-b575-2644b0fcb354],ProjectId[id=a09a2765-fc9c-4764-836d-a2860ad3efcc]
university,,ToDoListId[id=726c92ea-7a68-498f-9b61-dc06fc3039e1],ProjectId[id=064db762-46d4-4c59-9212-50066fd35318]
university,,ToDoListId[id=726c92ea-7a68-498f-9b61-dc06fc3039e1],ProjectId[id=064db762-46d4-4c59-9212-50066fd35318]
university,2023-06-20,ToDoListId[id=df82c579-4654-4d38-9701-70bc55026544],ProjectId[id=bd13ac8e-a738-45b2-adf4-a755b876bd1b]
university,,ToDoListId[id=d685b423-bc38-498e-b050-ac20532b8fa5],ProjectId[id=ff2206bf-4ec4-47bf-8efc-8eb76abb0f93]
university,,ToDoListId[id=d685b423-bc38-498e-b050-ac20532b8fa5],ProjectId[id=ff2206bf-4ec4-47bf-8efc-8eb76abb0f93]
university,2023-06-20,ToDoListId[id=a2aeb446-7d2c-4a37-af0b-1c9fa18dd00e],ProjectId[id=dcc5a743-dc46-45ed-9393-6ce4a0cfc7dc]
university,,ToDoListId[id=0be139b2-4b63-4aa8-9956-37b22eb33709],ProjectId[id=61121fef-de79-44fe-88dd-ab313e3b62b6]
university,,ToDoListId[id=0be139b2-4b63-4aa8-9956-37b22eb33709],ProjectId[id=61121fef-de79-44fe-88dd-ab313e3b62b6]
university,,ToDoListId[id=09b97e9c-e904-4f6a-9f50-7c1f4804fbf9],ProjectId[id=3d4c92b8-5f8f-4b1f-a50e-4dbf81d6cb7b]
university,,ToDoListId[id=09b97e9c-e904-4f6a-9f50-7c1f4804fbf9],ProjectId[id=3d4c92b8-5f8f-4b1f-a50e-4dbf81d6cb7b]
university,,ToDoListId[id=fa0f1b3d-885e-4664-98f0-cc1a434d8c05],ProjectId[id=f6c45ff2-b9e9-4a2c-a25d-26d0b0649e17]
university,,ToDoListId[id=fa0f1b3d-885e-4664-98f0-cc1a434d8c05],ProjectId[id=f6c45ff2-b9e9-4a2c-a25d-26d0b0649e17]
university,2023-06-20,ToDoListId[id=372265d7-98ed-484a-8776-380905d05cdb],ProjectId[id=27c8e75b-cb79-4c44-bb39-b66a78bd399e]
university,,ToDoListId[id=77f19d8e-c168-4aac-ae7c-78987e5d3e1a],ProjectId[id=ef6e735e-e0ea-4e78-a7bd-901f5ebba5a8]
university,,ToDoListId[id=77f19d8e-c168-4aac-ae7c-78987e5d3e1a],ProjectId[id=ef6e735e-e0ea-4e78-a7bd-901f5ebba5a8]
university,,ToDoListId[id=5f79f1f3-128f-40ef-a221-35e672760259],ProjectId[id=b83e4aa3-c503-4646-8deb-e0b26537536c]
university,,ToDoListId[id=5f79f1f3-128f-40ef-a221-35e672760259],ProjectId[id=b83e4aa3-c503-4646-8deb-e0b26537536c]
university,2023-06-20,ToDoListId[id=0b9eeb2a-b4da-4e04-bca4-8222ae9ef0af],ProjectId[id=00d75fb8-dd69-48f1-bd09-3d01253a4c72]
university,,ToDoListId[id=e352e416-e39f-4496-9f44-53d62008c9b2],ProjectId[id=342aded3-867c-41de-a08e-1d41b7561939]
university,,ToDoListId[id=e352e416-e39f-4496-9f44-53d62008c9b2],ProjectId[id=342aded3-867c-41de-a08e-1d41b7561939]
university,2023-06-20,ToDoListId[id=375327ae-c9d2-4c51-be5f-2e352a142feb],ProjectId[id=a62083cc-2576-4bd2-b5e8-8411e9c616c7]
university,,ToDoListId[id=6e0f798c-6748-4449-94b7-c35147c2428b],ProjectId[id=39e9bf42-be64-4275-8be6-555d4b4f612b]
university,,ToDoListId[id=6e0f798c-6748-4449-94b7-c35147c2428b],ProjectId[id=39e9bf42-be64-4275-8be6-555d4b4f612b]
university,2023-06-20,ToDoListId[id=0dee00ff-6343-45b6-b33e-479e8c63c77d],ProjectId[id=5b44ade7-2922-43aa-ab78-cb360a45a870]
university,,ToDoListId[id=6d9636a4-7da2-484f-b8e5-de25a901e23e],ProjectId[id=7b032a68-7264-49f4-9b07-cb58c195468e]
university,,ToDoListId[id=6d9636a4-7da2-484f-b8e5-de25a901e23e],ProjectId[id=7b032a68-7264-49f4-9b07-cb58c195468e]
university,2023-06-20,ToDoListId[id=d25917a8-d7cd-4b17-9763-8a79d36258fa],ProjectId[id=f4f83a4a-abe5-4d89-a260-6e0b0fbf70a2]
university,,ToDoListId[id=77956941-39d9-4641-8256-17412cd24dbb],ProjectId[id=f36ac479-2998-4f2f-9a5c-e7a3de9f743e]
university,,ToDoListId[id=77956941-39d9-4641-8256-17412cd24dbb],ProjectId[id=f36ac479-2998-4f2f-9a5c-e7a3de9f743e]
university,2023-06-20,ToDoListId[id=49a7145f-9e18-4124-86e9-443b31181bf9],ProjectId[id=a912dfcc-92b7-455f-a064-6fda1f4a3113]
university,,ToDoListId[id=899bc6a5-97b1-4156-a324-881b4b8f2efc],ProjectId[id=2d377e1c-d7c1-4ebb-a3c3-8e914572b25c]
university,,ToDoListId[id=899bc6a5-97b1-4156-a324-881b4b8f2efc],ProjectId[id=2d377e1c-d7c1-4ebb-a3c3-8e914572b25c]
university,2023-06-20,ToDoListId[id=d2401acc-38b4-45a2-8392-961921a4e58c],ProjectId[id=abd638cc-d61f-4197-95ff-14811ae84b87]
university,,ToDoListId[id=1422e4fa-40e0-49ec-b358-893f9763c1e9],ProjectId[id=ab0dab97-f36e-44a0-b361-ddf6c9db0181]
university,,ToDoListId[id=1422e4fa-40e0-49ec-b358-893f9763c1e9],ProjectId[id=ab0dab97-f36e-44a0-b361-ddf6c9db0181]
university,2023-06-20,ToDoListId[id=5397b923-0b38-4cf2-9556-aada9255a65a],ProjectId[id=6de0222e-1162-41f5-8f98-ca4bfc347221]
university,,ToDoListId[id=e85d9359-38d1-48fa-a06e-592f13a9d496],ProjectId[id=223279b8-f968-4402-a38b-d75ddaff88af]
university,,ToDoListId[id=e85d9359-38d1-48fa-a06e-592f13a9d496],ProjectId[id=223279b8-f968-4402-a38b-d75ddaff88af]
university,2023-06-20,ToDoListId[id=6fa9ab39-179e-46b7-b1cb-9a3d60a249c8],ProjectId[id=3e1a694d-8a8b-457c-8ef8-3eb03a86a2b9]
university,,ToDoListId[id=a43b18cd-672d-4ebe-af36-ec917e9653a0],ProjectId[id=facc0baf-969d-4b09-a28a-0709cad8d56a]
university,,ToDoListId[id=a43b18cd-672d-4ebe-af36-ec917e9653a0],ProjectId[id=facc0baf-969d-4b09-a28a-0709cad8d56a]
university,2023-06-20,ToDoListId[id=292ef252-193b-418d-816b-d079ca0287df],ProjectId[id=00d25fc8-62b3-44ce-a9f9-862faad53571]
university,,ToDoListId[id=541da880-3eb2-4cab-bd14-92b047b05913],ProjectId[id=57057706-3823-4c63-90cd-110dc1c9fc88]
university,,ToDoListId[id=541da880-3eb2-4cab-bd14-92b047b05913],ProjectId[id=57057706-3823-4c63-90cd-110dc1c9fc88]
university,2023-06-20,ToDoListId[id=5573ac66-6eea-4aac-8ac4-1f415c217990],ProjectId[id=89c1c43b-0306-45b3-9390-11364c4c841f]
university,,ToDoListId[id=9f8d2313-8bd1-47fc-9e8a-980aba08717d],ProjectId[id=ba2fb4dc-7c54-4085-aa40-dbfe604e52c7]
university,,ToDoListId[id=9f8d2313-8bd1-47fc-9e8a-980aba08717d],ProjectId[id=ba2fb4dc-7c54-4085-aa40-dbfe604e52c7]
university,2023-06-20,ToDoListId[id=0d8df031-8ae7-4ab8-8753-64c5b1bed02d],ProjectId[id=e491b54e-21ac-4689-9000-9e72ba4322a6]
university,,ToDoListId[id=e95ab2e7-d4d1-4db6-8310-d3e680ebc013],ProjectId[id=1937cb7d-9e70-417e-968d-6db74f198086]
university,,ToDoListId[id=e95ab2e7-d4d1-4db6-8310-d3e680ebc013],ProjectId[id=1937cb7d-9e70-417e-968d-6db74f198086]
university,,ToDoListId[id=8335a3b5-558a-42ab-be4a-9aec46a84f55],ProjectId[id=9d337b80-8b0c-41ed-8a68-66707ca171e2]
university,,ToDoListId[id=8335a3b5-558a-42ab-be4a-9aec46a84f55],ProjectId[id=9d337b80-8b0c-41ed-8a68-66707ca171e2]
university,,ToDoListId[id=7ee1401f-4832-409f-90e9-e7883b4d9490],ProjectId[id=c4c03050-7053-417f-bc04-cc986bd37921]
university,,ToDoListId[id=7ee1401f-4832-409f-90e9-e7883b4d9490],ProjectId[id=c4c03050-7053-417f-bc04-cc986bd37921]
university,2023-06-20,ToDoListId[id=06b94cd5-269f-4199-a4e7-065516fe3cce],ProjectId[id=93ab6b17-3412-4a03-ab68-66fd5acdc5f6]
university,,ToDoListId[id=93d5be16-aff3-4fff-8265-4e2fdaff7c2e],ProjectId[id=db1ff11f-abc9-4158-b62e-e81c917cf464]
university,,ToDoListId[id=93d5be16-aff3-4fff-8265-4e2fdaff7c2e],ProjectId[id=db1ff11f-abc9-4158-b62e-e81c917cf464]
university,,ToDoListId[id=55a719c4-c6a1-4a9e-b14a-6ab677f13aca],ProjectId[id=a3e264a9-0fca-434f-9d6e-82b56dfb10f8]
university,,ToDoListId[id=55a719c4-c6a1-4a9e-b14a-6ab677f13aca],ProjectId[id=a3e264a9-0fca-434f-9d6e-82b56dfb10f8]
university,2023-06-20,ToDoListId[id=919d396d-37c4-4d84-8b0b-a073b70612a6],ProjectId[id=fe95f6e5-04b0-406b-8a9e-2311410d1908]
university,,ToDoListId[id=bc9ce8f9-23f9-450f-ad21-0d728e5065a1],ProjectId[id=33ec43b7-a7cf-44ba-b4be-229db6a90346]
university,,ToDoListId[id=bc9ce8f9-23f9-450f-ad21-0d728e5065a1],ProjectId[id=33ec43b7-a7cf-44ba-b4be-229db6a90346]
university,2023-06-20,ToDoListId[id=0a7888bb-e8c5-4327-8e4c-0f8041c6d9c9],ProjectId[id=eadaeee4-6dcc-4088-b048-3298e369be54]
university,,ToDoListId[id=3f0d3b98-429b-449a-ab4c-9e2f46f2b984],ProjectId[id=aad8254f-af82-4dab-8e54-60181351f260]
university,,ToDoListId[id=3f0d3b98-429b-449a-ab4c-9e2f46f2b984],ProjectId[id=aad8254f-af82-4dab-8e54-60181351f260]
