Bruno,ToDoListId[id=58dd1cb0-47a8-446a-b846-b56487c72500]
Bruno,ToDoListId[id=8db37751-e2b5-45dc-9085-37a2fec5348d]
Bruno,ToDoListId[id=52946f66-7cb3-4577-a924-68978147d3d0]
Bruno,ToDoListId[id=37ad6f29-8726-4870-9cee-f575500d9a47]
Bruno,ToDoListId[id=76875f90-1d9f-4c8d-8547-79bb24824bed]
Bruno,ToDoListId[id=76875f90-1d9f-4c8d-8547-79bb24824bed]
Bruno,ToDoListId[id=822a5bf1-4997-4714-8741-76ff64665dd5]
Bruno,ToDoListId[id=0c733bf7-9431-4cea-9d3b-ad2fe14a26db]
Bruno,ToDoListId[id=3999a9c8-f86e-4568-91e9-efa3e0ce6c67]
Bruno,ToDoListId[id=2774b1cf-163a-42a8-a3cc-028c003f09fd]
Bruno,ToDoListId[id=78b900cf-9575-4f4a-8004-05715f0ec99c]
Bruno,ToDoListId[id=606d345d-9004-4f43-80cc-33ee6c489279]
Bruno,ToDoListId[id=e480505f-c93b-4298-99f1-d68ec15321e6]
Bruno,ToDoListId[id=6371421a-a18b-4e8a-862f-034b9d733e5e]
Bruno,ToDoListId[id=967990b1-1ffb-4bf7-b576-12546e50f5bd]
Bruno,ToDoListId[id=ddc1c0b4-423b-4f55-acc2-82915780dff1]
Bruno,ToDoListId[id=b67f8aea-c0fc-4374-acbd-2cfdf66a472f]
Bruno,ToDoListId[id=a48cece0-9536-436f-99ae-63cb14ccde1b]
Bruno,ToDoListId[id=25c99c3b-a458-4194-80c0-764fb7fbc6c5]
Bruno,ToDoListId[id=b90f1637-83c0-4bf0-8ab9-293f965c96fd]
Bruno,ToDoListId[id=6640ae50-fac6-4e24-a3d2-eaf867d48549]
Test_User_1,ToDoListId[id=0ad906e3-9abc-4f10-99bc-7be4ecaadcb1]
Test_User_1,ToDoListId[id=82174f26-0cd3-41d5-885d-8c7522af1a21]
